USE BD_ACTIVOS_FIJOS;
-- -----------------------------------------------------
-- Table `mydb`.`USUARIO`
-- -----------------------------------------------------
INSERT INTO USUARIO(USUARIO_NO,CI,NOMBRE,PATERNO,MATERNO,CARGO,PROFESION,USUARIO,PASSWORD)
values ('USU-01 ', '6099553 ', 'WILLIAM ', 'ROQUE ', 'ROQUE ', 'JEFE ADMINISTRACION Y FINANZAS ', 'INGENIERO DE SISTEMAS ', 'WROQUE', 6099553),
	('USU-02 ', '123 ', 'ADMINISTRADOR ', 'SISTEMA ', 'SEGIP ', 'SEGIP-ADMINGG ', 'SUPER USUARIO ', 'ADMIN', 123),
	 ('USU-03 ', '8327561 ', 'FRANCLIN RUBEN ', 'MAMANI ', 'MENDOZA ', 'TECNICO DESCARTE ', 'ESTUDIANTE ', 'FMAMANI', 8327561);

-- -----------------------------------------------------
-- Table `mydb`.`PARTIDA`
-- -----------------------------------------------------
INSERT INTO PARTIDA (PARTIDA_NO, NOMBRE, PARTIDA, VIDA_UTIL, COEFICIENTE, DEPRECIACION, ACTUALIZA, USUARIO_USUARIO_NO)
VALUES 
    ('PART-01', 'MUEBLES Y ENSERES DE OFICINA', 43110, 10, 10, 'T', 'T', 'USU-01'),
    ('PART-02', 'EQUIPO DE COMUNICACIÓN', 43500, 8, 12.50, 'T', 'T', 'USU-01'),
    ('PART-03', 'MAQUNARIA Y EQUIPO', 43700, 8, 12.50, 'T', 'T', 'USU-01'),
    ('PART-04', 'EQUIPO EDUCACIONAL Y RECREATIVO', 43600, 8, 12.50, 'T', 'T', 'USU-01'),
    ('PART-05', 'EQUIPO DE COMPUTACIÓN', 43120, 4, 25, 'T', 'T', 'USU-01'),
    ('PART-06', 'OTROS ACTIVOS FIJOS', 49900, 0, 0, 'F', 'F', 'USU-01'),
    ('PART-07', 'ACTIVOS INTANGIBLES', 49100, 5, 20, 'T', 'T', 'USU-01'),
    ('PART-08', 'VEHICULOS AUTOMOTORES', 43310, 5, 20, 'T', 'T', 'USU-01');

-- -----------------------------------------------------
-- Table `mydb`.`OFICINA`
-- -----------------------------------------------------
INSERT INTO OFICINA(OFICINA_NO,DEPTO,COD_OFICINA,NOMBRE_OF,UBICACION)
values 
('OF-01','LA PAZ','01','PRINCIPAL LA PAZ','CALLE 6 Nº 70 PLANTA BAJA AV. CIVICA ZONA SANTA ROSA'),
('OF-02','LA PAZ','02','ZONA SUR','CALLE EDUARDO SAINZ GARCIA Nº 1 ENTREGA AV. AREQUIPA ZONA LA FLORIDA'),
('OF-03','LA PAZ','03','PRINCIPAL LA PAZ','CALLE BOLIVAR ENTRE AV. SUCRE Y CATACORA'),
('OF-04','LA PAZ','03','PRINCIPAL LA PAZ','CALLE BOLIVAR ENTRE AV. SUCRE Y CATACORA'),
('OF-05','LA PAZ','04','ACHACHICALA','ZONA ACHACHICALA'),
('OF-06','LA PAZ','04','SEGELIC LA PAZ','CALLE MEXICO EDIF. CHUQUIAGO'),
('OF-07','LA PAZ','05','SEGELIC EL ALTO','AV. JUAN PABLO II Nº 45 ESQ. CALLE 4 ZONA FERROPRETOL'),
('OF-08','LA PAZ','06','CEJA EL ALTO','AV. JUAN PABLO II Nº 200 LADO TRANSITO'),
('OF-09','LA PAZ','08','PACAJES CALUYO','CALLE 4 ESQ. CALLE F Y CALLE G ZONA PACAJES CALUYO DISTRITO 3'),
('OF-10','LA PAZ','09','VIACHA','AV. INGAVI Nº S/N ENTRE AV. PANDO Y MURILLO'),
('OF-11','LA PAZ','10','ACHACACHI','AV. MANCO KAPAC PLAZA DEL ESTUDIANTE'),
('OF-12','LA PAZ','11','CARANAVI','CALLE BATALLON ROMAN II DE INGENIERIA PLAZA LIBERTAD'),
('OF-13','LA PAZ','12','DIRECCION LA PAZ','CALLE BOLIVAR ENTRE AV. SUCRE Y CATACORA');


-- -- -----------------------------------------------------
-- Table `mydb`.`EMPLEADO`
-----------------------------------------------------
INSERT INTO EMPLEADO(EMP_NO,CI,EXPEDIDO,NOMBRE,CARGO,UNIDAD,AREA_TRAB,CELULAR,PROFESION,USUARIO_USUARIO_NO,OFICINA_OFICINA_NO)
values 
('E-01','6018353','LP','PAUCARA IBAÑEZ MARGARITA','ENCARGADA DE OFICINA','OPERACIONES','-','0','-','USU-01','OF-11'),
('E-02','4759811','LP','QUISPE MACHACA FELIX','TÉCNICO DE OPERACIONES','OPERACIONES','-','0','-','USU-01','OF-11'),
('E-03','6737903','LP','BAUTISTA MAMANI GONZALO','PORTERO','OPERACIONES','PORTERIA','0','-','USU-01','OF-11'),
('E-04','6096540','LP','APAZA POMA APOLINAR','AUXILIAR OPERACIONES','OPERACIONES','-','0','-','USU-01','OF-11'),
('E-05','4306094','LP','AGUILAR QUISBERT JULIO CIRO','TÉCNICO DE OPERACIONES','OPERACIONES','-','0','-','USU-01','OF-12'),
('E-06','6981106','LP','MAMANI CANCHILLA PRISCILA','TÉCNICO DE OPERACIONES','OPERACIONES','-','0','-','USU-01','OF-12'),
('E-07','4885200','LP','QUISBERT FERNANDEZ ROLANDO LEONARDO','TÉCNICO DE OPERACIONES','OPERACIONES','-','0','-','USU-01','OF-12'),
('E-08','4286548','LP','RODRIGUEZ GUTIERREZ ERIK GUSTAVO','ENCARGADO DE OFICINA','OPERACIONES','-','0','-','USU-01','OF-12'),
('E-09','6089119','LP','ALEJO SUNTURA ELIAS','TÉCNICO OPERACIONES','OPERACIONES','-','0','-','USU-01','OF-12'),
('E-10','4883729','LP','ALVAREZ CANAVIRI MARIA ISABEL','TÉCNICO DE ARCHIVO','ARCHIVO','-','0','-','USU-01','OF-08'),
('E-11','4314267','LP','ANCASI TARQUI SONIA','TÉCNICO JURÍDICO','JÚRIDICA','-','0','-','USU-01','OF-08'),
('E-12','6190859','LP','APAZA INTIPAMPA VICKY  VERONICA','TÉCNICO JURÍDICO','JÚRIDICA','-','0','-','USU-01','OF-08'),
('E-13','5977159','LP','ARIAS CAIZANA FRANZ','TÉCNICO DE ARCHIVO','ARCHIVO','-','0','-','USU-01','OF-08'),
('E-14','2527972','LP','ARROYO SILVA MARTHA VIVIANA','OFICIAL JURÍDICO','JÚRIDICA','-','0','-','USU-01','OF-08'),
('E-15','6004019','LP','ARUQUIPA PAIRUMANI EDWIN','TÉCNICO DE OPERACIONES','OPERACIONES','-','0','-','USU-01','OF-08'),
('E-16','3365722','LP','ASPI PUCHO JUAN CARLOS','TÉCNICO DE OPERACIONES','OPERACIONES','-','0','-','USU-01','OF-08'),
('E-17','4381666','LP','AVILA MOSCOSO PERCY NELSON','SUPERVISOR DE OPERACIONES','OPERACIONES','-','0','-','USU-01','OF-08'),
('E-18','2152912','LP','CANAZA MAMANI BENEDICTO','TÉCNICO DE OPERACIONES','OPERACIONES','-','0','-','USU-01','OF-08'),
('E-19','4836314','LP','CONDE LUNA REYNALDO','TÉCNICO DE OPERACIONES','OPERACIONES','-','0','-','USU-01','OF-08'),
('E-20','5845701','LP','CONDORI GOMEZ VIVIAN','OFICIAL DE OPERACIONES','OPERACIONES','-','0','-','USU-01','OF-08'),
('E-21','3452219','LP','ECHEVERRIA VILLACORTA PEDRO','RESPONSABLE DE OFICINA','OPERACIONES','-','0','-','USU-01','OF-08'),
('E-22','4887586','LP','GOMEZ PEREZ ISMAEL','PORTERO','-','-','0','-','USU-01','OF-08'),
('E-23','6003822','LP','GUARACHI CANCARI NATIVIDAD','TÉCNICO JURÍDICO','JÚRIDICA','-','0','-','USU-01','OF-08'),
('E-24','4771180','LP','HUANCA LIMACHI DELIA NILDA','SUPERVISOR JURÍDICO','JÚRIDICA','-','0','-','USU-01','OF-08'),
('E-25','2634504','LP','ILLANES LARA RENE FERNANDO','TÉCNICO DE VALORES Y RANGO','ADMINISTRACIÓN Y FINANZAS','-','0','-','USU-01','OF-08'),
('E-26','4760881','LP','MACHICADO OROSCO MARCO ANTONIO','PORTERO','-','-','0','-','USU-01','OF-08'),
('E-27','5993567','LP','MAMANI NINA MERY HILDA','TÉCNICO DE OPERACIONES','OPERACIONES','-','0','-','USU-01','OF-08'),
('E-28','6033810','LP','MARQUEZ DE HERBAS MARIBEL','TÉCNICO DE OPERACIONES','OPERACIONES','-','0','-','USU-01','OF-08'),
('E-29','2536110','LP','MENDIETA DE ANABE CARMEN ROSA','TÉCNICO DE OPERACIONES','OPERACIONES','-','0','-','USU-01','OF-08'),
('E-30','4822358','LP','MONTAÑO CUENTAS LUCIA RITA','TÉCNICO DE ACTIVOS FIJOS','ADMINISTRACIÓN Y FINANZAS','-','0','-','USU-01','OF-08'),
('E-31','4826115','LP','POMA CALLE VERONICA','TÉCNICO DE OPERACIONES','OPERACIONES','-','0','-','USU-01','OF-08'),
('E-32','4950884','LP','RAMOS SALAZAR EUFEMIA','TÉCNICO DE ARCHIVO','ARCHIVO','-','0','-','USU-01','OF-08'),
('E-33','8291875','LP','SARAVIA IDIAQUEZ FAVIOLA','TÉCNICO JURÍDICO','JÚRIDICA','-','0','-','USU-01','OF-08'),
('E-34','6153751','LP','SUMI CHAMBI CARMEN','TÉCNICO DE OPERACIONES','OPERACIONES','-','0','-','USU-01','OF-08'),
('E-35','4789471','LP','TICONA CONDORI ANA','TÉCNICO DE OPERACIONES','OPERACIONES','-','0','-','USU-01','OF-08'),
('E-36','4883682','LP','VALDEZ CESPEDES BLANCA EMILIA','TÉCNICO DE OPERACIONES','OPERACIONES','-','0','-','USU-01','OF-08'),
('E-37','4314224','LP','VIDOVIC MANTILLA VANESA','TÉCNICO DE OPERACIONES','OPERACIONES','-','0','-','USU-01','OF-08'),
('E-38','6748745','LP','YUCRA MARCA GIOVANI PETER','TÉCNICO DE OPERACIONES','OPERACIONES','-','0','-','USU-01','OF-08'),
('E-39','6148178','LP','ZABALETA ORDOÑEZ EMILY EVA','TÉCNICO DE SOPORTE','TÉCNOLOGIA','-','0','-','USU-01','OF-08'),
('E-40','5530582','LP','AGUIRRE PEÑARANDA ROSA ALEJANDRA','TÉCNICO DE ARCHIVO','ARCHIVO','ARCHIVO DE TIPS','0','-','USU-01','OF-13'),
('E-41','4812821','LP','ALBA CUBA RAFAEL ERICK','TÉCNICO DE COMUNICACIONES E INFORMACIÓN','COMUNICACIÓN E INFORMACIÓN','INFORMACIÓN','0','-','USU-01','OF-13'),
('E-42','2255917','LP','ALFARO ROLLANO CARLOS','CHOFER','ADMINISTRACIÓN Y FINANZAS','VEHICULO OFICIAL','0','-','USU-01','OF-13'),
('E-43','4840150','LP','APARICIO AGUILAR KATHERINE SILVIA','OFICIAL DE ARCHIVO','ARCHIVO','ARCHIVO DE DOCUMENTOS B','0','-','USU-01','OF-13'),
('E-44','2286203','LP','BAPTISTA ZAMBRANA MARIA LUISA','AUXILIAR DE ARCHIVO','ARCHIVO','ARCHIVO DE TIPS','0','-','USU-01','OF-13'),
('E-45','2395859','LP','CALLISAYA CAMPERO GLORIA','AUXILIAR DE ADMINISTRACIÓN Y FINANZAS','ADMINISTRACIÓN Y FINANZAS','PUERTA DE INGRESO','0','-','USU-01','OF-13'),
('E-46','2635246','LP','CASTRO MORALES LUIS VICTOR','PORTERO','ADMINISTRACIÓN Y FINANZAS','PUERTA DE INGRESO','0','-','USU-01','OF-13'),
('E-47','3385948','LP','CHOQUE TUPI CARMEN ROSA','AUXILIAR DE ARCHIVO','ARCHIVO','ARCHIVO DE DOCUMENTOS B','0','-','USU-01','OF-13'),
('E-48','4284047','LP','COSME AJPI DAVID REYNALDO','OFICIAL DE VALORES Y RANGO','ADMINISTRACIÓN Y FINANZAS','VALORES Y RANGOS PISO 5','70550349','AUDITOR FINANCIERO','USU-01','OF-13'),
('E-49','2051356','LP','ECHAVE  JUAN','AUXILIAR DE ARCHIVO','ARCHIVO','ARCHIVO DE DOCUMENTOS A','0','-','USU-01','OF-13'),
('E-50','4836386','LP','GOMEZ NOGALES JESUS ALBERTO','RESPONSABLE DPTAL. LEGAL','ASESORIA LEGAL','ASESORIA LEGAL','0','-','USU-01','OF-13'),
('E-51','6827115','LP','GUTIERREZ PINEDO PATRICIA','AUXILIAR DE ARCHIVO','ARCHIVO','ARCHIVO DE TIPS','0','-','USU-01','OF-13'),
('E-52','3436534','LP','GUZMAN CARPIO SHIRLEY IVONNE','SECRETARIA','DIRECCIÓN DEPARTAMENTAL','SERETARIA DE DIRECCIÓN DEPARTAMENTAL','0','-','USU-01','OF-13'),
('E-53','4339202','LP','HUANCA CHOQUEHUANCA BERNABE','RESPONSABLE DPTAL. ADMINISTRACIÓN Y FINANZAS','ADMINISTRACIÓN Y FINANZAS','ADMINISTRACIÓN PISO 5','72027726','LICENCIADO EN AUDITORIA','USU-01','OF-13'),
('E-54','3370558','LP','HUANCA QUISBERT JUAN','RESPONSABLE DPTAL. TECNOLOGIAS DE INFORMACIÓN Y COMUNICACIÓN','TÉCNOLOGIA','SOPORTE TÉCNICO','0','-','USU-01','OF-13'),
('E-55','6119507','LP','KELLCA MAMANI WILSON','TÉCNICO DE ADMINISTRACIÓN Y FINANZAS','ADMINISTRACIÓN Y FINANZAS','ALMACÉN PISO 4','70125061','CONTADOR PUBLICO','USU-01','OF-13'),
('E-56','2387712','LP','MENDOZA GAMBOA GONZALO','TÉCNICO DE ACTIVOS FIJOS','ADMINISTRACIÓN Y FINANZAS','ALMACÉN ACTIVOS FIJOS','0','-','USU-01','OF-13'),
('E-57','3966107','LP','MURILLO CEJAS PATRICIA LOURDES','AUXILIAR DE ARCHIVO','ARCHIVO','ARCHIVO DE DOCUMENTOS B','0','-','USU-01','OF-13'),
('E-58','2209608','LP','NEUENSCHWANDER BENAVIDES WALTER','TÉCNICO DE ARCHIVO','ARCHIVO','ARCHIVO DE DOCUMENTOS A','0','-','USU-01','OF-13'),
('E-59','4921858','LP','NINA PACHECO DANIEL','AUXILIAR DE ARCHIVO','ARCHIVO','ARCHIVO DE TIPS','0','-','USU-01','OF-13'),
('E-60','4886962','LP','PLATA SALVADOR JOSE VALENTIN','TÉCNICO DE SOPORTE','TÉCNOLOGIA','SOPORTE TÉCNICO','0','-','USU-01','OF-13'),
('E-61','4916021','LP','PUÑO MAMANI JUVENAL','TÉCNICO DE SOPORTE','TÉCNOLOGIA','SOPORTE TÉCNICO','0','-','USU-01','OF-13'),
('E-62','6130607','LP','QUENALLATA SEVERICH NATALY','TÉCNICO DE ARCHIVO','ARCHIVO','CERTIFICACIONES','0','-','USU-01','OF-13'),
('E-63','2395120','LP','QUISPE FERNANDEZ SANTOS JUAN','AUXILIAR DE LIMPIEZA','ADMINISTRACIÓN Y FINANZAS','ADMINISTRACIÓN','0','-','USU-01','OF-13'),
('E-64','3331200','LP','REINAGA RODRIGUEZ MARCO ORLANDO','PORTERO','ADMINISTRACIÓN Y FINANZAS','ADMINISTRACIÓN','0','-','USU-01','OF-13'),
('E-65','322274','LP','SALAZAR APUIMATA ANGEL FLORENCIO','PORTERO','ADMINISTRACIÓN Y FINANZAS','ADMINISTRACIÓN','0','-','USU-01','OF-13'),
('E-66','6960500','LP','SIÑANI QUENATA GIOVANNA','AUXILIAR DE ARCHIVO','ARCHIVO','CERTIFICACIONES','0','-','USU-01','OF-13'),
('E-67','3387620','LP','TICONA MONROY MARIA EUGENIA','TÉCNICO DE ARCHIVO','ARCHIVO','DIGITALIZACIÓN','0','-','USU-01','OF-13'),
('E-68','2312699','LP','TORRICOS JUSTINIANO VLADIMIR ADALBERTO','DIRECTOR DEPARTAMENTAL','DIRECCIÓN DEPARTAMENTAL','DIRECCIÓN DEPARTAMENTAL','0','-','USU-01','OF-13'),
('E-69','6787927','LP','VARGAS PILLCO BETHZABE  DIGNA','TÉCNICO DE DIGITALIZACIÓN','TÉCNOLOGIA','DIGITALIZACIÓN','0','-','USU-01','OF-13'),
('E-70','2369038','LP','VISCARRA ALDANA ALEJANDRO JORGE','TÉCNICO DE PLANILLAS Y CONTROL DE PERSONAL','ADMINISTRACIÓN Y FINANZAS','CONTROL DE PERSONAL','0','-','USU-01','OF-13'),
('E-71','6907592','LP','YANIQUE DORADO MARISABEL','TÉCNICO DE ARCHIVO','ARCHIVO','ARCHIVO DE TIPS','0','-','USU-01','OF-13'),
('E-72','2574173','LP','ZEGARRA APAZA ADOLFO NICOLAS','TÉCNICO DE ARCHIVO','ARCHIVO','ARCHIVO DE DOCUMENTOS A','0','-','USU-01','OF-13'),
('E-73','2371599','LP','ZUÑIGA ROJAS RAMIRO JAVIER','TÉCNICO DE ARCHIVO','ARCHIVO','ARCHIVO ACHACHICALA','0','-','USU-01','OF-13'),
('E-74','4871524','LP','QUISBERT SILLERICO BISMARK JUAN RODRIGO','TECNICO DE PLANILLAS Y CONTROL DE PERSONAL','ADMINISTRACION Y FINANZAS','CONTROL DE PERSONAL PISO 1','73255164','INGENIERO INDUSTRIAL','USU-01','OF-13'),
('E-75','6099553','LP','ROQUE ROQUE WILLIAM','JEFE DE ADMINISTRACION Y FINANZAS','ADMINISTRACIÓN Y FINANZAS','FINANZAS','73299220','INGENIERO DE SISTEMAS','USU-01','OF-13'),
('E-76','4842846','LP','ARGANI CHAMBI HECTOR HUGO','TÉCNICO DE OPERACIONES','OPERACIONES','-','0','-','USU-01','OF-07'),
('E-77','7025536','LP','CAHUASIQUITA LOZA PAOLA','TÉCNICO DE OPERACIONES','OPERACIONES','-','0','-','USU-01','OF-07'),
('E-78','6843448','LP','CALLE RIVAS JOSE LUIS','TÉCNICO DE OPERACIONES','OPERACIONES','-','0','-','USU-01','OF-07'),
('E-79','6161152','LP','CONDORI VILLCA MONICA PAMELA','TÉCNICO DE OPERACIONES','OPERACIONES','-','0','-','USU-01','OF-07'),
('E-80','3491602','LP','HEREDIA GOMEZ EDWIN JULIO','TÉCNICO DE OPERACIONES','OPERACIONES','-','0','-','USU-01','OF-07'),
('E-81','4251932','LP','HUANCA QUISPE SERAFINA','TÉCNICO DE OPERACIONES','OPERACIONES','-','0','-','USU-01','OF-07'),
('E-82','6159483','LP','LOPEZ HERRERA JONATAN CRISTHIAN','TÉCNICO DE OPERACIONES','OPERACIONES','-','0','-','USU-01','OF-07'),
('E-83','6924080','LP','QUISPE MAMANI LEONELA','TÉCNICO DE OPERACIONES','OPERACIONES','-','0','-','USU-01','OF-07'),
('E-84','3483518','LP','ROSAS CARVAJAL RUBEN DARIO','TÉCNICO DE OPERACIONES','OPERACIONES','-','0','-','USU-01','OF-07'),
('E-85','2063821','LP','VELARDE VARGAS REYNALDO ROGER','TÉCNICO DE OPERACIONES','OPERACIONES','-','0','-','USU-01','OF-07'),
('E-86','9188645','LP','LLUSCO CALLISAYA JUAN RICARDO','TÉCNICO ADMINISTRACION Y FINANZAS','ADMINISTRACIÓN Y FINANZAS','-','0','-','USU-01','OF-07'),
('E-87','3318994','LP','RIVEROS DULLMAN FRANCISCO ALEJANDRO','RESPONSABLE DE OFICINA','OPERACIONES','-','0','-','USU-01','OF-07'),
('E-88','4808932','LP','ALCAZAR LLAPACO SUSAN MARLENE','TÉCNICO DE OPERACIONES','OPERACIONES','-','0','-','USU-01','OF-06'),
('E-89','9078404','LP','ALEJO LIMACHI LULLY MARLENE','TÉCNICO DE OPERACIONES','OPERACIONES','-','0','-','USU-01','OF-06'),
('E-90','3323222','LP','ALVAREZ RODRIGUEZ CARMINIA GABRIELA','TÉCNICO DE OPERACIONES','OPERACIONES','-','0','-','USU-01','OF-06'),
('E-91','2631281','LP','CHAMBI BURGOA RUBEN GERMAN','TÉCNICO DE OPERACIONES','OPERACIONES','-','0','-','USU-01','OF-06'),
('E-92','7734674','LP','CHUQUIMIA QUISPE LIZZETH EUGENIA','TÉCNICO DE OPERACIONES','OPERACIONES','-','0','-','USU-01','OF-06'),
('E-93','2525877','LP','HERBAS ZAMBRANA JACKELINE','OFICIAL DE OPERACIONES','OPERACIONES','-','0','-','USU-01','OF-06'),
('E-94','3338149','LP','MARCA CALLISAYA VICENTE RUFINO','TÉCNICO DE OPERACIONES','OPERACIONES','-','0','-','USU-01','OF-06'),
('E-95','4800997','LP','PACHECO COYO JAVIER JESUS','TÉCNICO DE OPERACIONES','OPERACIONES','-','0','-','USU-01','OF-06'),
('E-96','2691840','LP','PONCE HERRERA WENDY JAQUELINE','TÉCNICO DE OPERACIONES','OPERACIONES','-','0','-','USU-01','OF-06'),
('E-97','3100176','LP','REVILLA MARDESICH LORENA ISABEL','TÉCNICO DE OPERACIONES','OPERACIONES','-','0','-','USU-01','OF-06'),
('E-98','6737393','LP','TANTACALLE TANCARA ANGELICA','TÉCNICO DE OPERACIONES','OPERACIONES','-','0','-','USU-01','OF-06'),
('E-99','4917389','LP','CRUZ LAURA IVAN OMAR','TÉCNICO DE VALORES Y RANGO','ADMINISTRACIÓN Y FINANZAS','-','0','-','USU-01','OF-06'),
('E-100','4922535','LP','MURILLO HINOJOSA TATIANA MAXMA','AUXILIAR DE ARCHIVO','ARCHIVO','ARCHIVO ACHACHICALA','0','-','USU-01','OF-06'),
('E-101','1782482','LP','SAGREDO PEREDO ROBERTO WILSON','RESPONSABLE DE OFICINA','OPERACIONES','-','0','-','USU-01','OF-06'),
('E-102','6101647','LP','MARQUINA VILLANUEVA JOHNNY RONALD','TÉCNICO JURÍDICO','JÚRIDICA','-','0','-','USU-01','OF-09'),
('E-103','4743937','LP','CALLE ARTEAGA LIVIA MARCELA','ENCARGADA DE OFICINA','OPERACIONES','-','0','-','USU-01','OF-09'),
('E-104','4253765','LP','CARRASCO HEREDIA HUGO EMERSON','TÉCNICO DE OPERACIONES','OPERACIONES','-','0','-','USU-01','OF-09'),
('E-105','6051070','LP','CHAVEZ CRUZ RONALD','TÉCNICO DE OPERACIONES','OPERACIONES','OPERACIONES MESA Nº 3','0','-','USU-01','OF-09'),
('E-106','5989566','LP','CUSSI CONDORI SUSANA','TÉCNICO DE OPERACIONES','OPERACIONES','OPERACIONES MESA Nº 7 PISO 1','0','COMUNICADORA SOCIAL','USU-01','OF-01'),
('E-107','2459662','LP','FLORES GUISBERT LUZ JANETT','TÉCNICO DE OPERACIONES','OPERACIONES','OPERACIONES MESA Nº 1','0','-','USU-01','OF-02'),
('E-108','6135348','LP','RIOS VEGA KAREN PAOLA','TÉCNICO DE OPERACIONES','OPERACIONES','-','0','-','USU-01','OF-09'),
('E-109','8328208','LP','SURCO COYO ANA JULIA','TÉCNICO DE OPERACIONES','OPERACIONES','-','0','-','USU-01','OF-09'),
('E-110','4810527','LP','ACHO MAMANI LETICIA','TECNICO JURIDICO','-','-','0','-','USU-01','OF-01'),
('E-111','4084740','LP','RODRIGUEZ LEYTON DANIEL','TÉCNICO JURÍDICO','-','-','0','-','USU-01','OF-01'),
('E-112','4153781','LP','ORIHUELA ROSAS DIEGO','TÉCNICO DE OPERACIONES','-','-','0','-','USU-01','OF-01'),
('E-113','6125649','LP','PEREZ LUPA MARTIN SEVERO','TÉCNICO OPERACIONES','-','-','0','-','USU-01','OF-01'),
('E-114','5108238','TJ','OCAMPO VILLARROEL ROBERTO','SUPERVISOR JURÍDICO','JURIDICA','SANEAMIENTO DOCUMENTAL PISO 4','0','ABOGADO','USU-01','OF-01'),
('E-115','4930687','LP','ALVARADO TARQUI DANITZA ERICKA','TÉCNICO DE OPERACIONES','OPERACIONES','EMISIÓN DE CEDULAS DE IDENTIDAD PISO 1','0','-','USU-01','OF-01'),
('E-116','3053279','LP','AMUSQUIVAR IBARRA JUAN CARLOS','AUXILIAR JURÍDICO','JÚRIDICA','ENTREGA DE RESOLUCION ADMINISTRATIVA','0','-','USU-01','OF-01'),
('E-117','8323452','LP','APAZA MAMANI SHOMARA WENDY','AUXILIAR JURÍDICO','JÚRIDICA','VENTANILLA DE RECEPCIÓN','0','-','USU-01','OF-01'),
('E-118','3499724','LP','ARELLANO REYNAGA WILDER RUDY','TÉCNICO DE OPERACIONES','OPERACIONES','EMISIÓN DE CEDULAS DE IDENTIDAD PISO 2','0','-','USU-01','OF-01'),
('E-119','2445806','LP','SANTA CRUZ DEHEZA JACQUELINE DEL ROSARIO','SECRETARIA','ADMINISTRACIÓN Y FINANZAS','-','0','-','USU-01','OF-03'),
('E-120','2712346','LP','ENCINAS SANCHEZ ELIZABETH','TÉCNICO JURÍDICO','JÚRIDICA','-','0','-','USU-01','OF-03'),
('E-121','4897372','LP','CALDERON TORREZ CARLOS ALBERTO','TÉCNICO DE OPERACIONES','OPERACIONES','VENTANILLA DE DESCARTE','0','-','USU-01','OF-03'),
('E-122','3436645','LP','LIRA LINO MARCIA EUGENIA','OFICIAL JURÍDICO','JÚRIDICA','-','0','-','USU-01','OF-03'),
('E-123','2298466','LP','CAMPOS FERNANDEZ ROBERTO CARLOS','TÉCNICO DE OPERACIONES','OPERACIONES','DACTILOSCOPIA PISO 1','0','-','USU-01','OF-04'),
('E-124','4831813','LP','LOROÑA SANTOS JUAN MARCELO','TÉCNICO JURÍDICO','JÚRIDICA','-','0','-','USU-01','OF-04'),
('E-125','8354823','LP','MAMANI MACHACA CELINIA STEPHANY','TÉCNICO JURÍDICO','JÚRIDICA','-','0','-','USU-01','OF-04'),
('E-126','4865460','LP','CATUNTA SUXO JHONNY','TÉCNICO DE VALORES Y RANGO','ADMINISTRACIÓN Y FINANZAS','VALORES Y RANGOS PISO 5','0','ESTUDIANTE UNIVERSITARIO','USU-01','OF-04'),
('E-127','2681044','LP','MERUVIA RODRIGUEZ JORGE FREDDY','TÉCNICO JURÍDICO','JÚRIDICA','-','0','-','USU-01','OF-04'),
('E-128','2573317','LP','CHAVARRIA VALDEZ ALEX GREGORIO','TÉCNICO DE OPERACIONES','OPERACIONES','EMISIÓN DE CEDULAS DE IDENTIDAD PISO 2','0','-','USU-01','OF-04'),
('E-129','3445963','LP','MOLLINEDO GUTIERREZ ANN LUG','TÉCNICO JURÍDICO','JÚRIDICA','-','0','-','USU-01','OF-04'),
('E-130','6006093','LP','CHOQUE VARGAS HILDA','TÉCNICO DE OPERACIONES','OPERACIONES','EMISIÓN DE CEDULAS DE IDENTIDAD PISO 1','0','-','USU-01','OF-04'),
('E-131','3336000','LP','PERALTA ESPINOZA MARÍA VICTORIA','TÉCNICO JURÍDICO','JÚRIDICA','-','0','-','USU-01','OF-04'),
('E-132','2390646','LP','RIOS MONTERO MARIA EUGENIA DORA','SUPERVISOR JURÍDICO','JÚRIDICA','-','0','-','USU-01','OF-04'),
('E-133','8376561','LP','COLQUE MAMANI INES VERONICA','TÉCNICO DE OPERACIONES','OPERACIONES','EMISIÓN DE CEDULAS DE IDENTIDAD PISO 2','0','-','USU-01','OF-04'),
('E-134','5476419','LP','CONDORI HERRERA VICTOR ALBERTO','TÉCNICO DE OPERACIONES','OPERACIONES','VENTANILLA DE DESCARTE','0','-','USU-01','OF-04'),
('E-135','6186136','LP','SILVA AGNO MAGALY CRISTINA','TÉCNICO JURÍDICO','JÚRIDICA','-','0','-','USU-01','OF-04'),
('E-136','4156277','LP','SOSSA CALVO MARIATERESA','OFICIAL JURÍDICO','JÚRIDICA','-','0','-','USU-01','OF-04'),
('E-137','4744478','LP','CORITZA VIDAL MARIA EUGENIA','OFICIAL DE OPERACIONES','OPERACIONES','OPERACIONES PISO 2','0','-','USU-01','OF-04'),
('E-138','3393714','LP','TORRES RIVERA FAVIOLA FEDRA','AUXILIAR JURÍDICO','JÚRIDICA','-','0','-','USU-01','OF-04'),
('E-139','4783083','LP','VILLARROEL MEDRANO JORGE MARTIN','TÉCNICO JURÍDICO','JÚRIDICA','-','0','-','USU-01','OF-04'),
('E-140','6114905','LP','VILLEGAS FLORES CLAUDIA CLAVELINA','TÉCNICO JURÍDICO','JÚRIDICA','-','0','-','USU-01','OF-04'),
('E-141','4907765','LP','ELGUERA CUBA JULIO LUIS','TÉCNICO DE OPERACIONES','OPERACIONES','EMISIÓN DE CEDULAS DE IDENTIDAD - ATENCION PREFERENCIAL','0','-','USU-01','OF-04'),
('E-142','4755830','LP','YAPUCHURA LIMA ROLANDO ZENON','TÉCNICO JURÍDICO','JÚRIDICA','-','0','-','USU-01','OF-04'),
('E-143','6839557','LP','FERNANDEZ APAZA BRYAN ALAM','TÉCNICO DE OPERACIONES','OPERACIONES','EMISIÓN DE CEDULAS DE IDENTIDAD PISO 2','0','-','USU-01','OF-04'),
('E-144','6809368','LP','FERNANDEZ POMA AUGUSTO FIDEL','TÉCNICO DE OPERACIONES','OPERACIONES','EMISIÓN DE CEDULAS DE IDENTIDAD PISO 1','0','-','USU-01','OF-04'),
('E-145','2609576','LP','FLORES DELGADO LUZ PATRICIA','TÉCNICO DE OPERACIONES','OPERACIONES','EMISIÓN DE CEDULAS DE IDENTIDAD - ATENCION PREFERENCIAL','0','-','USU-01','OF-03'),
('E-146','6794266','LP','HUALLPA PAUCARA VERONICA ROLINA','TÉCNICO DE OPERACIONES','OPERACIONES','VENTANILLA DE DESCARTE','0','-','USU-01','OF-03'),
('E-147','6195546','LP','MALDONADO DEHEZA CRISTIAN EDUARDO','TÉCNICO DE OPERACIONES','OPERACIONES','EMISIÓN DE CEDULAS DE IDENTIDAD PISO 2','0','-','USU-01','OF-03'),
('E-148','9100934','LP','MAMANI QUINO NEVER HECTOR','TÉCNICO DE OPERACIONES','OPERACIONES','EMISIÓN DE CEDULAS DE IDENTIDAD PISO 2','0','-','USU-01','OF-03'),
('E-149','2607732','LP','PACUANCA ESCALIER JULIETA GLADYS','RESPONSABLE DE OFICINA','OPERACIONES','-','0','-','USU-01','OF-03'),
('E-150','8260586','LP','FERNANDEZ MOLLISACA WENDY TATIANA','AUXILIAR DE OPERACIONES','OPERACIONES','-','0','-','USU-01','OF-03'),
('E-151','3481922','LP','GONZALES LOZADA FRANKLIN ALEX MAURICIO','AUXILIAR DE OPERACIONES','OPERACIONES','-','0','-','USU-01','OF-03'),
('E-152','2531837','LP','MENDOZA CONDORI JUAN JOSE','TÉCNICO DE OPERACIONES','OPERACIONES','EMISIÓN DE CEDULAS DE IDENTIDAD PISO 1','0','-','USU-01','OF-03'),
('E-153','5978006','LP','GOYZUETA AJHUACHO MARIA YANIR','TÉCNICO DE OPERACIONES','OPERACIONES','-','0','-','USU-01','OF-03'),
('E-154','5979349','LP','MERUVIA PRADO DANIEL','TÉCNICO DE OPERACIONES','OPERACIONES','EMISIÓN DE CEDULAS DE IDENTIDAD PISO 1','0','-','USU-01','OF-03'),
('E-155','22855566','LP','GOZALVES MONJE VICTOR EFRAIN','TÉCNICO DE OPERACIONES','OPERACIONES','-','0','-','USU-01','OF-03'),
('E-156','4322954','LP','MIRANDA QUISPE JUAN CARLOS','OFICIAL DE OPERACIONES','OPERACIONES','OPERACIONES ATECNION PREFERENCIAL','0','-','USU-01','OF-03'),
('E-157','3399171','LP','HERBAS CASTILLO SANDRA','AUXILIAR DE OPERACIONES','OPERACIONES','-','0','-','USU-01','OF-03'),
('E-158','5990070','LP','PEREZ CUEVAS SANDRA XIMENA','TÉCNICO DE OPERACIONES','OPERACIONES','EMISIÓN DE CEDULAS DE IDENTIDAD PISO 1','0','-','USU-01','OF-03'),
('E-159','6040629','LP','PILLCO PILLCO PACESA','TÉCNICO DE OPERACIONES','OPERACIONES','EMISIÓN DE CEDULAS DE IDENTIDAD PISO 2','0','-','USU-01','OF-03'),
('E-160','3373440','LP','QUIROGA VILLA LEOPOLDO DANTE','TÉCNICO DE OPERACIONES','OPERACIONES','EMISIÓN DE CEDULAS DE IDENTIDAD PISO 2','0','-','USU-01','OF-03'),
('E-161','2604168','LP','MANSILLA REA ANA TERESA','AUXILIAR DE OPERACIONES','OPERACIONES','-','0','-','USU-01','OF-03'),
('E-162','2139748','LP','MAYTA CONDORI CELSO PRUDENCIO','OFICIAL DE DACTILOSCOPÍA','OPERACIONES','-','0','-','USU-01','OF-03'),
('E-163','6851864','LP','RAMOS QUISPE CYNTIA XIMENA','TÉCNICO DE OPERACIONES','OPERACIONES','EMISIÓN DE CEDULAS DE IDENTIDAD PISO 2','0','-','USU-01','OF-03'),
('E-164','2686738','LP','PACO MENDEZ MARIA DEL CARMEN','TÉCNICO DE OPERACIONES','OPERACIONES','-','0','-','USU-01','OF-03'),
('E-165','6121117','LP','PINEDO ALCAZAR TERESA','AUXILIAR DE OPERACIONES','OPERACIONES','-','0','-','USU-01','OF-03'),
('E-166','6103322','LP','RIOS COLQUE YRMA AURORA ELENA','TÉCNICO DE OPERACIONES','OPERACIONES','EMISIÓN DE CEDULAS DE IDENTIDAD PISO 2','0','-','USU-01','OF-03'),
('E-167','6782636','LP','RIOS MAMANI CARLA ALEJANDRA','TÉCNICO DE OPERACIONES','OPERACIONES','EMISIÓN DE CEDULAS DE IDENTIDAD PISO 1','0','-','USU-01','OF-03'),
('E-168','4371229','LP','RIOS MAMANI MARIA EUGENIA','OFICIAL DE OPERACIONES','OPERACIONES','EMISIÓN DE CEDULAS DE IDENTIDAD PISO 1','0','-','USU-01','OF-03'),
('E-169','8437925','LP','QUISPE QUISPE AYDA','TÉCNICO DE OPERACIONES','OPERACIONES','-','0','-','USU-01','OF-03'),
('E-170','6817555','LP','SAAVEDRA AGUILAR JHOAN','TÉCNICO DE OPERACIONES','OPERACIONES','EMISIÓN DE CEDULAS DE IDENTIDAD PISO 1','0','-','USU-01','OF-03'),
('E-171','6989733','LP','SANCHEZ PEREZ JULIO CESAR','TÉCNICO DE OPERACIONES','OPERACIONES','EMISIÓN DE CEDULAS DE IDENTIDAD PISO 1','0','-','USU-01','OF-03'),
('E-172','6141143','LP','TICONA CAHUANA LICETH GUADALUPE','TÉCNICO DE OPERACIONES','OPERACIONES','EMISIÓN DE CEDULAS DE IDENTIDAD PISO 2','0','-','USU-01','OF-03'),
('E-173','6179719','LP','SILVA ASTETE JERSON','TÉCNICO DE OPERACIONES','OPERACIONES','-','0','-','USU-01','OF-03'),
('E-174','2686225','LP','URIOSTE VACAFLOR JORGE RAUL','TÉCNICO DE OPERACIONES','OPERACIONES','EMISIÓN DE CEDULAS DE IDENTIDAD PISO 2','0','-','USU-01','OF-03'),
('E-175','4852479','LP','VALDA ARCE PAOLA CAROLA','TÉCNICO DE OPERACIONES','OPERACIONES','EMISIÓN DE CEDULAS DE IDENTIDAD PISO 2','0','-','USU-01','OF-03'),
('E-176','3333890','LP','APAZA MAMANI RICARDO BENEDICTO','PORTERO','ADMINISTRACIÓN Y FINANZAS','-','0','-','USU-01','OF-05'),
('E-177','4257976','LP','AROA CONDORI BEATRIZ','TÉCNICO DE OPERACIONES','OPERACIONES','-','0','-','USU-01','OF-05'),
('E-178','4274415','LP','ITURRI CANDIA KAREN VIVIANA','TÉCNICO DE OPERACIONES','OPERACIONES','-','0','-','USU-01','OF-05'),
('E-179','7001899','LP','JUANIQUINA POMA VEYMAR','TÉCNICO DE OPERACIONES','OPERACIONES','-','0','-','USU-01','OF-05'),
('E-180','2432553','LP','QUISPE ACARAPI ROMAN PASTOR','ENCARGADO DE OFICINA','OPERACIONES','-','0','-','USU-01','OF-05'),
('E-181','4931993','LP','QUISPE YAVINCHA HERNÁN','TÉCNICO DE OPERACIONES','OPERACIONES','-','0','-','USU-01','OF-05'),
('E-182','6721273','LP','TOLA MESTASA CAROLINA MILDRE MESTAS CAROLINA MILDRE','TÉCNICO DE OPERACIONES','OPERACIONES','-','0','-','USU-01','OF-05'),
('E-183','6974908','LP','VICTOR LANZA RONALD','TÉCNICO DE OPERACIONES','OPERACIONES','-','0','-','USU-01','OF-05'),
('E-184','2249460','LP','FLORES LIMACHI ANTONIO','PORTERO','ADMINISTRACIÓN Y FINANZAS','-','0','-','USU-01','OF-10'),
('E-185','8323438','LP','CHOQUE CHOQUEHUANCA ADHEMAR','AUXILIAR DE OPERACIONES','OPERACIONES','-','0','-','USU-01','OF-10'),
('E-186','6888322','LP','JIMENEZ SULLCANI MARCOS','TÉCNICO DE OPERACIONES','OPERACIONES','-','0','-','USU-01','OF-10'),
('E-187','4812609','LP','QUISBERTH FLORES MARCELO CESAR','TÉCNICO DE OPERACIONES','OPERACIONES','-','0','-','USU-01','OF-10'),
('E-188','5065240','LP','RAMOS ARTEAGA ALBERTH EMIL','ENCARGADO DE OFICINA','OPERACIONES','-','0','-','USU-01','OF-10'),
('E-189','8327561','LP','MAMANI MENDOZA FRANCLIN RUBEN','PORTERO','ADMINISTRACIÓN Y FINANZAS','-','0','-','USU-01','OF-02'),
('E-190','8480825','LP','ORTIZ ANTELO HANS WOLFGANG','PORTERO','ADMINISTRACIÓN Y FINANZAS','-','0','-','USU-01','OF-02'),
('E-191','2288594','LP','BERNAL OLAZABAL KATYA ELIZABETH','TÉCNICO DE ARCHIVO','ARCHIVO','-','0','-','USU-01','OF-02'),
('E-192','4755221','LP','ROCHA  NAYDA FAVIOLA','SUPERVISOR JURÍDICO','JÚRIDICA','-','0','-','USU-01','OF-02'),
('E-193','1075836','CH','TOLEDO ABASTOFLOR ANGELINA ELIANA','OFICIAL JURÍDICO','JÚRIDICA','-','0','-','USU-01','OF-02'),
('E-194','4810527','LP','VASQUEZ BAUER PAULA ESTEFANE','TÉCNICO JURÍDICO','JÚRIDICA','-','0','-','USU-01','OF-02'),
('E-195','4766615','LP','BELTRAN HERRERA CARLA FABIOLA','TÉCNICO DE OPERACIONES','OPERACIONES','-','0','-','USU-01','OF-02'),
('E-196','8335895','LP','BLANCO CORI MARVIN CRISTIAN','TÉCNICO DE OPERACIONES','OPERACIONES','OPERACIONES MESA Nº 1','0','-','USU-01','OF-08'),
('E-197','5999769','LP','CASTILLO AMUSQUIVAR HUGO WALTER','TÉCNICO DE OPERACIONES','OPERACIONES','-','0','-','USU-01','OF-02'),
('E-198','4911877','LP','CHOQUE TARQUI MARIA EUGENIA','TÉCNICO DE OPERACIONES','OPERACIONES','-','0','-','USU-01','OF-02'),
('E-199','4768590','LP','CUARITA MANCILLA MARIA CRISTINA','TÉCNICO DE OPERACIONES','OPERACIONES','-','0','-','USU-01','OF-02'),
('E-200','4265565','LP','FERNANDEZ MEJIA JAIME MACARIO','SUPERVISOR DE OPERACIONES','OPERACIONES','-','0','-','USU-01','OF-02'),
('E-201','6005655','LP','FLORES GARCIA ARMANDO VENTURA','TÉCNICO DE OPERACIONES','OPERACIONES','-','0','-','USU-01','OF-02'),
('E-202','6963070','LP','MAMANI TINTA VILMA YOBANA','TÉCNICO DE OPERACIONES','OPERACIONES','-','0','-','USU-01','OF-02'),
('E-203','4796749','LP','MATOS ZAPATA MOISES ALVARO','TÉCNICO DE OPERACIONES','OPERACIONES','-','0','-','USU-01','OF-02'),
('E-204','2284272','LP','MERCADO LUJAN ANTONIO CECILIO','RESPONSABLE DE OFICINA','OPERACIONES','-','0','-','USU-01','OF-02'),
('E-205','4294854','LP','MAMANI ROJAS EULOGIO FELIPE','TÉCNICO DE SOPORTE','TÉCNOLOGIA','-','0','-','USU-01','OF-02'),
('E-206','1147228','CH','SANTILLAN VELASQUEZ GENOVEVA','TÉCNICO DE VALORES Y RANGOS','ADMINISTRACIÓN Y FINANZAS','VALORES Y RANGOS','0','-','USU-01','OF-02');
